timestamp,machine_id,technician,urgency,transcript,ai_response,detected_language,source,audio_filename
2026-03-31 00:36:53,UDI-4255,welde,High — stop immediately,P5· LDE 45 Hip-Hard boca mndar,"Based on the technician's report, the fault type is **unknown**. The technician's description ""P5· LDE 45 Hip-Hard boca mndar"" is unintelligible and provides no clues about the nature of the problem.

Recommended action now: Immediately attempt to contact the technician for clarification. If unreachable, initiate a machine shutdown and lockout/tagout procedure to prevent potential damage or injury until the issue is better understood.

Urgency correct? **Potentially downgrade**. The ""High - stop immediately"" urgency declaration needs validation. Without understanding the fault, maintaining a high urgency might unnecessarily halt production. However, until clarified, err on the side of caution and keep it high until confirmation.
",en,microphone,mic_recording.wav
2026-03-31 00:38:36,UDI-4730,welde,High — stop immediately,"Conquer, blocking, conquer, blocking, need to change the bed. You need to change the bed.","1) Fault type: Mechanical. The technician's repetitive ""conquer, blocking"" likely refers to a mechanical obstruction or seizing issue within the machine's bed mechanism, preventing proper movement or function. The repeated need to change the bed further reinforces this.

2) Recommended action now: Immediately lock out/tag out the UDI-4730. Evaluate the technician's assessment. Inspect the bed mechanism for obstructions, damage, or excessive wear. Prepare a replacement bed assembly and any required tools for the replacement procedure.

3) Urgency correct? Confirmed. A blocking bed preventing machine operation warrants immediate shutdown. High urgency is appropriate to prevent potential damage to the machine and ensure production downtime is minimized.
",en,microphone,mic_recording.wav
2026-03-31 00:40:09,UDI-4730,welde,High — stop immediately,"humanos, Gong",Gemini error: 429 Resource exhausted. Please try again later. Please refer to https://cloud.google.com/vertex-ai/generative-ai/docs/error-code-429 for more details.,ru,microphone,mic_recording.wav
2026-03-31 11:18:37,UDI-4255,wel,High — stop immediately,"Hi, my name is Anastin, we have a problem in Darkroom, Convert Number 1. It is not working. Thank you, please come.","**1) Fault Type:** Complete machine failure. Convert Number 1 in the Darkroom (UDI-4255) is reported as ""not working,"" indicating a potential breakdown affecting the entire operation of the equipment.

**2) Action:** Immediate on-site investigation and troubleshooting are required. The senior maintenance engineer should proceed to the Darkroom to assess the situation, diagnose the root cause of the failure, and implement necessary repairs or temporary solutions to restore functionality.

**3) Urgency:** High. The ""stop immediately"" designation emphasizes the critical nature of this failure, likely impacting production or potentially posing a safety risk. Prompt attention is crucial to minimize downtime and address any underlying hazards.
",en,microphone,mic_recording.wav
